{"stats":{"minecraft:mined":{"minecraft:black_bed":1},"minecraft:picked_up":{"minecraft:birch_door":2,"minecraft:ladder":3,"minecraft:tripwire_hook":1,"minecraft:lantern":1,"minecraft:redstone_torch":3,"minecraft:egg":1,"minecraft:black_stained_glass":1,"minecraft:lever":3,"minecraft:red_concrete":1},"minecraft:used":{"minecraft:oak_fence":2,"minecraft:damaged_anvil":5,"minecraft:water_bucket":4,"minecraft:iron_bars":19,"minecraft:jungle_leaves":2,"minecraft:enchanting_table":1,"minecraft:red_sand":31,"minecraft:cobblestone_stairs":14,"minecraft:brick_wall":6,"minecraft:spruce_door":1,"minecraft:light_gray_stained_glass_pane":1,"minecraft:smooth_quartz_slab":1,"minecraft:red_concrete":5,"minecraft:redstone":7,"minecraft:oak_planks":142,"minecraft:jungle_fence":6,"minecraft:ladder":5,"minecraft:brown_concrete":18,"minecraft:jungle_pressure_plate":1,"minecraft:redstone_block":2,"minecraft:wooden_shovel":2,"minecraft:grass":3,"minecraft:oak_door":1,"minecraft:smooth_quartz_stairs":7,"minecraft:oak_leaves":2,"minecraft:torch":6,"minecraft:end_stone_brick_wall":48,"minecraft:dark_oak_trapdoor":49,"minecraft:sand":50,"minecraft:vine":4,"minecraft:oak_slab":4,"minecraft:dark_prismarine_slab":5,"minecraft:brick_slab":1,"minecraft:orange_glazed_terracotta":1,"minecraft:jungle_planks":11,"minecraft:light_gray_terracotta":7,"minecraft:jungle_slab":8,"minecraft:nether_brick_slab":4,"minecraft:light_gray_glazed_terracotta":22,"minecraft:dark_oak_fence_gate":5,"minecraft:jungle_trapdoor":13,"minecraft:acacia_button":1,"minecraft:black_bed":1,"minecraft:spruce_log":8,"minecraft:dark_oak_door":2,"minecraft:oak_fence_gate":21,"minecraft:obsidian":7,"minecraft:fern":1,"minecraft:redstone_torch":7,"minecraft:birch_door":8,"minecraft:purple_stained_glass_pane":1,"minecraft:glass":5,"minecraft:dark_oak_planks":4,"minecraft:lever":7,"minecraft:sea_lantern":61,"minecraft:black_concrete":5,"minecraft:black_wool":19,"minecraft:chipped_anvil":3,"minecraft:bricks":95,"minecraft:bookshelf":2,"minecraft:daylight_detector":9,"minecraft:acacia_door":1,"minecraft:gray_stained_glass_pane":2,"minecraft:jungle_fence_gate":2,"minecraft:black_stained_glass_pane":20,"minecraft:iron_block":2,"minecraft:grass_block":78,"minecraft:oak_stairs":7,"minecraft:brick_stairs":3,"minecraft:oak_button":1,"minecraft:acacia_slab":1,"minecraft:white_glazed_terracotta":17,"minecraft:magenta_concrete":27,"minecraft:red_terracotta":4,"minecraft:dark_oak_slab":1,"minecraft:spruce_trapdoor":14,"minecraft:smooth_quartz":124,"minecraft:oak_pressure_plate":1,"minecraft:iron_door":3,"minecraft:pink_stained_glass_pane":37,"minecraft:acacia_fence_gate":2,"minecraft:light_gray_wool":11,"minecraft:tripwire_hook":2,"minecraft:brown_stained_glass_pane":13,"minecraft:coal_block":74,"minecraft:glowstone":14,"minecraft:magma_block":44,"minecraft:redstone_lamp":6,"minecraft:cobblestone":2,"minecraft:gray_glazed_terracotta":32,"minecraft:black_stained_glass":8,"minecraft:tall_grass":5,"minecraft:cyan_stained_glass_pane":7,"minecraft:emerald_block":4,"minecraft:acacia_pressure_plate":1,"minecraft:dark_oak_pressure_plate":3,"minecraft:dark_oak_fence":17,"minecraft:jungle_door":1,"minecraft:acacia_fence":5,"minecraft:gold_block":4,"minecraft:glass_pane":2,"minecraft:pink_stained_glass":30,"minecraft:smooth_stone_slab":31,"minecraft:stripped_oak_log":2,"minecraft:white_concrete":298,"minecraft:acacia_planks":247,"minecraft:gray_wool":13,"minecraft:smooth_stone":3,"minecraft:dark_prismarine_stairs":24},"minecraft:dropped":{"minecraft:red_concrete":1,"minecraft:obsidian":1,"minecraft:birch_door":1,"minecraft:black_stained_glass":1},"minecraft:custom":{"minecraft:play_one_minute":302523,"minecraft:leave_game":10,"minecraft:time_since_death":302523,"minecraft:climb_one_cm":387,"minecraft:time_since_rest":302523,"minecraft:sprint_one_cm":36452,"minecraft:walk_one_cm":877361,"minecraft:drop":4,"minecraft:fly_one_cm":596369,"minecraft:crouch_one_cm":8655,"minecraft:sneak_time":2780,"minecraft:walk_under_water_one_cm":66,"minecraft:jump":607,"minecraft:walk_on_water_one_cm":1810}},"DataVersion":1976}