{"stats":{"minecraft:custom":{"minecraft:play_one_minute":227286,"minecraft:pot_flower":2,"minecraft:leave_game":3,"minecraft:time_since_death":227286,"minecraft:time_since_rest":227286,"minecraft:sprint_one_cm":133338,"minecraft:walk_one_cm":627742,"minecraft:fly_one_cm":705478,"minecraft:crouch_one_cm":12157,"minecraft:sneak_time":5527,"minecraft:jump":278,"minecraft:walk_on_water_one_cm":1552},"minecraft:used":{"minecraft:dark_oak_stairs":1,"minecraft:water_bucket":7,"minecraft:jungle_leaves":6,"minecraft:iron_bars":9,"minecraft:enchanting_table":1,"minecraft:cobblestone_stairs":7,"minecraft:brick_wall":3,"minecraft:orange_concrete":4,"minecraft:light_gray_stained_glass_pane":27,"minecraft:smooth_quartz_slab":5,"minecraft:armor_stand":3,"minecraft:red_concrete":2,"minecraft:redstone":26,"minecraft:jungle_fence":2,"minecraft:oak_planks":116,"minecraft:ender_pearl":1,"minecraft:brown_concrete":94,"minecraft:jungle_pressure_plate":4,"minecraft:cauldron":3,"minecraft:oak_leaves":7,"minecraft:smooth_quartz_stairs":19,"minecraft:end_stone_brick_wall":26,"minecraft:dark_oak_trapdoor":30,"minecraft:vine":2,"minecraft:oak_slab":68,"minecraft:dark_prismarine_slab":1,"minecraft:crafting_table":1,"minecraft:orange_glazed_terracotta":2,"minecraft:jungle_planks":5,"minecraft:light_gray_terracotta":2,"minecraft:jungle_slab":5,"minecraft:yellow_concrete":4,"minecraft:light_gray_glazed_terracotta":2,"minecraft:chiseled_quartz_block":15,"minecraft:dark_oak_fence_gate":1,"minecraft:acacia_button":2,"minecraft:gray_concrete":4,"minecraft:jungle_trapdoor":7,"minecraft:oak_fence_gate":1,"minecraft:cyan_stained_glass":2,"minecraft:redstone_torch":21,"minecraft:birch_door":1,"minecraft:purple_stained_glass":4,"minecraft:purple_stained_glass_pane":8,"minecraft:dark_oak_planks":78,"minecraft:sea_lantern":5,"minecraft:dark_prismarine":1,"minecraft:lever":1,"minecraft:flower_pot":2,"minecraft:black_concrete":3,"minecraft:acacia_stairs":1,"minecraft:black_wool":27,"minecraft:lava_bucket":4,"minecraft:black_stained_glass_pane":12,"minecraft:bricks":72,"minecraft:bookshelf":20,"minecraft:light_gray_stained_glass":9,"minecraft:daylight_detector":8,"minecraft:brown_stained_glass":12,"minecraft:heavy_weighted_pressure_plate":1,"minecraft:gray_stained_glass_pane":4,"minecraft:jungle_fence_gate":1,"minecraft:lantern":29,"minecraft:light_gray_concrete":12,"minecraft:iron_block":7,"minecraft:grass_block":8,"minecraft:light_weighted_pressure_plate":1,"minecraft:oak_stairs":29,"minecraft:string":6,"minecraft:oak_button":2,"minecraft:brick_stairs":2,"minecraft:detector_rail":3,"minecraft:cyan_concrete":3,"minecraft:jungle_stairs":2,"minecraft:white_glazed_terracotta":6,"minecraft:magenta_concrete":4,"minecraft:dark_oak_leaves":4,"minecraft:spruce_trapdoor":18,"minecraft:smooth_quartz":44,"minecraft:iron_door":2,"minecraft:dark_oak_button":2,"minecraft:pink_stained_glass_pane":65,"minecraft:item_frame":22,"minecraft:acacia_fence_gate":1,"minecraft:light_gray_wool":26,"minecraft:brown_stained_glass_pane":7,"minecraft:tripwire_hook":1,"minecraft:coal_block":99,"minecraft:purple_concrete":2,"minecraft:glowstone":7,"minecraft:repeater":1,"minecraft:redstone_lamp":7,"minecraft:magma_block":41,"minecraft:cobblestone":1,"minecraft:black_stained_glass":16,"minecraft:gray_glazed_terracotta":10,"minecraft:tall_grass":1,"minecraft:emerald_block":4,"minecraft:iron_trapdoor":3,"minecraft:jungle_button":1,"minecraft:cyan_stained_glass_pane":8,"minecraft:glass_pane":5,"minecraft:pink_stained_glass":31,"minecraft:smooth_stone_slab":1,"minecraft:white_concrete":679,"minecraft:acacia_planks":1,"minecraft:gray_wool":8,"minecraft:dark_prismarine_stairs":1,"minecraft:gray_stained_glass":2},"minecraft:picked_up":{"minecraft:birch_door":1,"minecraft:lantern":5,"minecraft:redstone_torch":1,"minecraft:obsidian":1}},"DataVersion":1976}